{"cameras":[{"model":"pinhole","focalLengthX":1530.4429931640625,"imageWidth":1920,"imageHeight":1440,"principalPointY":717.71673583984375,"imuToCamera":[[0,-1,0,0],[-1,0,0,0],[0,0,-1,0],[0,0,0,1]],"focalLengthY":1530.4429931640625,"principalPointX":964.917724609375},{"imageWidth":1920,"focalLengthX":1530.4429931640625,"imageHeight":1440,"principalPointY":717.71673583984375,"imuToCamera":[[0,-1,0,0.10000000000000001],[-1,0,0,0],[0,0,-1,0],[0,0,0,1]],"principalPointX":964.917724609375,"model":"pinhole","focalLengthY":1530.4429931640625}]}
