{
  "cameras" : [
    {
      "focalLengthX" : 1522.5802001953125,
      "focalLengthY" : 1522.5802001953125,
      "imageHeight" : 1440,
      "imageWidth" : 1920,
      "imuToCamera" : [
        [
          0,
          -1,
          0,
          0
        ],
        [
          -1,
          0,
          0,
          0
        ],
        [
          0,
          0,
          -1,
          0
        ],
        [
          0,
          0,
          0,
          1
        ]
      ],
      "model" : "pinhole",
      "principalPointX" : 965.29364013671875,
      "principalPointY" : 718.47296142578125
    },
    {
      "focalLengthX" : 1522.607177734375,
      "focalLengthY" : 1522.607177734375,
      "imageHeight" : 240,
      "imageWidth" : 320,
      "imuToCamera" : [
        [
          0,
          -1,
          0,
          0
        ],
        [
          -1,
          0,
          0,
          0
        ],
        [
          0,
          0,
          -1,
          0
        ],
        [
          0,
          0,
          0,
          1
        ]
      ],
      "model" : "pinhole",
      "principalPointX" : 965.53692626953125,
      "principalPointY" : 718.74365234375
    }
  ]
}